<?xml version="1.0" encoding="UTF-8"?>
<component type="addon">
  <id>org.cockpit_project.cockpit_machines</id>
  <metadata_license>CC0-1.0</metadata_license>
  <name>Machines</name>
  <summary>Manage your virtual machines</summary>
  <description>
    <p>
      This tool manages virtual machines.  With it, you can create,
      monitor, and control the virtual machines of the libvirt
      subsystem.
    </p>
  </description>
  <extends>org.cockpit_project.cockpit</extends>
  <launchable type="cockpit-manifest">machines</launchable>
  <url type="homepage">https://cockpit-project.org/</url>
  <update_contact>cockpit-devel_AT_lists.fedorahosted.org</update_contact>
</component>
